SILVERSIDE AI | TOP 100 COLD OUTBOUND TARGETS,,,,,,,,,,,,,,,,,,,,,,,,,,,,,,,,
"Ranked by ICP FIT score. Firmographics are estimates unless marked [FACT]. No account is asserted to have a specific problem. AI /8 is set to 5 and Tech /5 is set to 2 on every row as UNVERIFIED DEFAULTS, so every FIT score here is a floor. Enrichment typically adds 5 to 11 points. Edit any score cell and FIT SCORE and TIER recalculate. See Scoring Rubric tab.",,,,,,,,,,,,,,,,,,,,,,,,,,,,,,,,
,,,,,,,,,,,,,,,,,,,,,,,,,,,,,,,,
Rank,Company,Vertical,Segment,Est. Revenue Band,HQ,Ownership,Primary Multiplier [FACT],Fit Rationale [INFERENCE],Primary Use Case,Est. First Deal,Target Titles,Trigger Hypothesis [VERIFY],Verification Required Before Send,Reference to Cite,Ind /12,Rev /10,Emp /4,Spend /8,Vol /10,Vid /6,Brands /8,Mkts /7,Locs /5,SKU /6,Media /6,AI /8,Tech /5,Proc /5,FIT SCORE,TIER,Wave,Notes / Conflict Check
1,Deckers Brands,Fashion and footwear,"S2, S7",$1B to $5B,"CA, US",Public,"HOKA, UGG, Teva, AHNU, Koolaburra. Global footprint across 50+ markets. High colourway and size variation",Five brands with very different audiences plus genuinely global market coverage plus footwear colourway variation is a three dimensional multiplier. HOKA growth rate specifically has outpaced content infrastructure. Wholesale plus DTC plus marketplace each need different asset specifications,Colourway and variant imagery plus localization,$150K to $350K,VP E-commerce; Head of Creative Operations; VP Global Brand Marketing,HOKA growth investment; marketing or creative leadership change; international expansion; open content ops roles,Market and language count. Whether brands share creative resources. Colourway count per style. Creative ops structure,"PacSun, Marc Jacobs, BMW",12,10,3,8,10,6,7,7,0,6,6,5,2,3,85,Tier 1 Named,1,Strongest fashion target on the list. Multi brand plus global plus growth
2,e.l.f. Beauty,Beauty and personal care,"S2, S7, S10",$1B to $5B,"CA, US",Public,"e.l.f., Naturium, Well People, Keys Soulcare, Rhode. Extremely high social cadence and trend response requirement",Highest social and trend response cadence in mass beauty. Shade and format variation across five brands. Rhode acquisition adds a fifth brand system. Growth rate has consistently outpaced infrastructure. This is a speed to trend problem more than a cost problem,Social and trend response content volume plus shade variant imagery,$150K to $350K,Head of Content; VP Brand Marketing; Head of Creative Operations,Rhode integration; marketing leadership change; international expansion; capacity hiring,Social posting cadence versus in house team size. Shade count per franchise. Whether brands share creative. Trend response time,"Sephora and LVMH, Quay, Marc Jacobs",12,10,3,8,10,6,7,4,0,6,6,5,2,5,84,Tier 1 Named,1,"Trend response speed is the angle, not cost. Highest beauty fit on the list"
3,Carter's,Fashion and apparel,"S2, S7",$1B to $5B,"GA, US",Public,"Carter's, OshKosh B'gosh, Skip Hop, Little Planet. 1,000+ stores. Extremely high SKU count with size and print variation","Childrenswear carries the highest size variation in apparel, multiplied by print and colourway. Four brands plus wholesale plus DTC plus international. Turnaround context creates a cost mandate. Store count adds local assets",Size and print variant imagery plus PDP content at catalogue scale,$125K to $300K,VP E-commerce; Head of Creative Operations; VP Brand Marketing,Turnaround or cost programme; marketing leadership change; store rationalization,SKU and size variant count. Cost programme targets from investor materials. Whether brands share creative,"PacSun, Williams Sonoma",12,10,3,7,10,4,5,6,5,6,5,5,2,3,83,Tier 1 Named,1,Childrenswear size variation is the largest in apparel. Use the math
4,Choice Hotels International,Hospitality and franchise,"S2, S8",$1B to $5B,"MD, US",Public,"22 brands, 7,500+ hotels across 45+ countries, almost entirely franchised","Twenty two brands times 7,500 properties times 45 countries is the single largest multiplication figure on this list. Franchised model means property level asset demand is permanently unmet. Property level and brand level and market level content all compound. IHG engagement is directly relevant precedent",Property and brand level localization portal,$200K to $500K,VP Brand Marketing per brand; VP Franchise Marketing; Head of Creative Operations,Marketing leadership change; brand portfolio additions; franchisee technology investment; international expansion,Whether creative is shared across 22 brands. Franchisee asset request process. Ad fund structure. Country count,"IHG style hospitality precedent, Sam's Club, BMW",12,10,3,7,10,4,8,7,5,2,5,5,2,3,83,Tier 1 Named,1,CONFLICT CHECK: competes with IHG. Clear with Sam. Highest multiplier on the list
5,Wyndham Hotels & Resorts,Hospitality and franchise,"S2, S8",$1B to $5B,"NJ, US",Public,"24 brands, 9,200+ hotels across 95+ countries, almost entirely franchised",Twenty four brands and 95 countries is comparable to Choice with even broader geographic spread. Economy and midscale franchise model means property owners have minimal marketing support and high unmet asset demand. Localization requirement is extreme,Property and brand level localization portal,$200K to $500K,VP Brand Marketing; VP Franchise Marketing; Head of Creative Operations,Marketing leadership change; brand additions; franchisee technology investment; international expansion,Whether creative is shared across 24 brands. Franchisee asset process. Ad fund structure. Country and language count,"IHG style hospitality precedent, Sam's Club, BMW",12,10,3,7,10,4,8,7,5,2,5,5,2,3,83,Tier 1 Named,1,CONFLICT CHECK: competes with IHG. Clear with Sam
6,"Guess?, Inc.",Fashion and apparel,S2,$1B to $5B,"CA, US",Public,Global apparel and accessories across 100+ countries. Licensed product categories. Heavy campaign imagery tradition,"100+ country footprint is the strongest localization multiplier in fashion on this list. Licensed category extensions add brand governance complexity. Brand is campaign imagery driven, meaning high production volume and cost per campaign",Localization plus campaign asset variation,$125K to $300K,VP Global Marketing; Head of Creative Operations; VP E-commerce,Ownership or strategic review activity; marketing leadership change; market expansion,Country and language count. Licensed category count. Campaign production volume and cost. Creative ops structure,"Marc Jacobs, PacSun, BMW",12,10,3,7,10,6,3,7,4,5,5,5,2,3,82,Tier 1 Named,2,100+ markets is the headline. Lead with localization economics
7,Harley-Davidson,Automotive and powersports,"S2, S8",$5B to $10B,"WI, US",Public,"Motorcycles plus apparel plus parts and accessories. 1,300+ dealers globally. Model, trim and colour variation. Very high P&A SKU count",Dealer network creates a localization requirement mirroring franchise. Parts and accessories catalogue is very high SKU with minimal content investment. Model times trim times colour variation. Turnaround context creates a cost mandate. Apparel line is a separate content system,Dealer localization plus P&A catalogue content,$150K to $400K,VP Marketing; Head of Creative Operations; VP Dealer Marketing,Turnaround or cost programme; marketing leadership change; dealer network investment; product launches,Dealer count and whether dealers receive asset support. P&A SKU count. Cost programme targets,"BMW, PacSun, Panasonic",12,8,3,7,10,6,3,7,5,6,5,5,2,3,82,Tier 1 Named,1,BMW reference is directly on point. Dealer localization is the wedge
8,Sally Beauty Holdings,Omnichannel retail,"S2, S4, S7",$1B to $5B,"TX, US",Public,"Two banners, Sally Beauty and CosmoProf. 4,400+ stores across 12+ countries. Very high SKU count including owned brands",Dual banner structure serving consumer and professional audiences with different creative requirements from the same product catalogue. 12+ country footprint at mid market revenue means localization economics are genuinely painful. Owned brand portfolio adds content need,Localization plus PDP content at catalogue scale,$125K to $300K,VP E-commerce; VP Brand Marketing; Head of Creative Operations,Digital transformation programme; marketing leadership change; owned brand expansion,Country and language count. Owned brand count. SKU content coverage. Whether the two banners share creative,"Sephora and LVMH, Sam's Club",12,10,3,5,10,4,7,7,5,6,3,5,2,3,82,Tier 1 Named,1,12+ markets at mid market budget is the wedge
9,Victoria's Secret & Co.,Omnichannel retail,"S2, S4, S7",$5B to $10B,"OH, US",Public,"Multi brand: Victoria's Secret, PINK, Adore Me. 1,300+ stores. Heavy seasonal and collection cadence",Three distinct brand systems with different audiences under one operating structure. Turnaround and repositioning context creates a cost and speed mandate. Apparel and intimates category is colourway and size variant heavy,Portfolio governance plus colourway and collection asset systems,$150K to $400K,VP Creative Operations; VP Brand Marketing; VP E-commerce,Turnaround programme; marketing or creative leadership change; brand repositioning; cost mandate,Whether the three brands share creative resources. Cost programme targets from investor materials. Creative ops leadership,"Marc Jacobs, PacSun, Sephora and LVMH",12,8,3,8,10,6,5,4,5,5,6,5,2,3,82,Tier 1 Named,1,Turnaround plus multi brand is a strong stack. Verify both
10,Coty Inc. Consumer Beauty,Beauty and personal care,"S2, S7",$5B to $10B,"NY, US",Public,"40+ owned and licensed fragrance and cosmetic brands including CoverGirl, Rimmel, Max Factor, Sally Hansen plus licensed designer fragrances","One of the highest licensed brand counts in beauty, each requiring dual brand approval. Shade and format combinatorics across colour cosmetics. Genuinely global footprint. Cost and deleveraging context creates a mandate. The tail brands in this portfolio receive minimal creative investment",Licensed brand governance plus shade and variant imagery,$200K to $450K,Head of Creative Operations; VP Global Brand; VP Digital,Deleveraging or cost programme; marketing leadership change; portfolio review or divestiture,Brand count owned versus licensed. Cost programme targets from investor materials. Whether Consumer Beauty and Prestige share creative resources,"Sephora and LVMH, Marc Jacobs",12,8,3,8,10,4,8,7,0,6,5,5,2,3,81,Tier 1 Named,1,Cost mandate plus licensed brand governance. Very strong stack
11,"Crocs, Inc.",Fashion and footwear,"S2, S7",$1B to $5B,"CO, US",Public,Crocs and HEYDUDE. Extreme colourway and collaboration volume. Jibbitz accessory system. 80+ markets,"Colourway and collaboration volume is among the highest in footwear, and the Jibbitz personalization system multiplies imagery requirements further. 80+ market footprint adds localization. HEYDUDE integration adds a second brand system with different creative needs",Colourway and collaboration imagery at volume plus localization,$150K to $350K,VP E-commerce; Head of Creative Operations; VP Global Marketing,HEYDUDE turnaround; marketing leadership change; collaboration cadence increase; cost programme,Colourway and SKU count. Collaboration cadence. Market count. Whether HEYDUDE shares creative resources,"PacSun, Marc Jacobs, Quay",12,10,3,8,10,6,3,7,0,6,6,5,2,3,81,Tier 1 Named,1,Colourway plus collab volume is exceptional. Lead with the arithmetic
12,Hyatt Hotels,Hospitality,"S2, S7",$5B to $10B,"IL, US",Public,"30+ brands, 1,400+ properties across 75+ countries. Mixed managed, franchised and owned","Thirty plus brands after multiple acquisitions means brand systems are inconsistent and a governance layer has clear value. Property level plus brand level plus market level content multiplication. Luxury tier brands have high production standards, which is a governance opportunity",Portfolio governance plus property and market localization,$200K to $500K,VP Global Brand Marketing; Head of Creative Operations; VP Digital,Brand acquisition integration; marketing leadership change; international expansion; cost programme,Brand count and whether creative is shared. Property level asset process. Country and language count,"IHG style hospitality precedent, BMW, Marc Jacobs",12,8,3,8,10,4,8,7,4,2,5,5,2,3,81,Tier 1 Named,1,CONFLICT CHECK: competes with IHG. Clear with Sam
13,Inter Parfums,Beauty and personal care,"S2, S7",$1B to $5B,"NY, US",Public,"15+ licensed fragrance brands including Jimmy Choo, Coach, Montblanc, Kate Spade, Guess, Ferragamo, plus owned brands","Business model is entirely licensed brand fragrance, meaning every single asset requires approval against a licensor brand system. That is a governance problem in its purest form and no template tool addresses it. Global distribution adds localization",Licensed brand asset governance plus localization,$100K to $275K,Head of Creative; VP Global Marketing; VP Digital,New licence additions; marketing leadership change; market expansion,Licensed brand count. Whether licensor approval is a known bottleneck. Market and language count. Creative team size,"Marc Jacobs, Sephora and LVMH",12,10,3,7,8,4,8,7,0,5,5,5,2,5,81,Tier 1 Named,1,Pure licensed brand model. The governance pitch writes itself
14,Steve Madden,Fashion and footwear,"S2, S7",$1B to $5B,"NY, US",Public,"Steve Madden, Dolce Vita, Betsey Johnson, Greats, Anne Klein, plus licensed brands. Wholesale plus DTC plus marketplace","High brand count including licensed brands, each requiring assets that satisfy two brand systems. Footwear and accessories colourway variation across three channels with different specifications. Wholesale partners each demand their own asset packages",Colourway and variant imagery plus channel asset packages,$100K to $275K,VP E-commerce; Head of Creative; VP Marketing,Marketing leadership change; brand acquisition activity; international expansion,Brand count including licensed. Colourway count per style. Whether brands share creative. Channel asset requirements,"PacSun, Marc Jacobs, Quay",12,10,3,5,10,4,8,6,0,6,5,5,2,5,81,Tier 1 Named,1,
15,Dine Brands Global,QSR and franchise,S8,$500M to $1B,"CA, US",Public,"Applebee's, IHOP, Fuzzy's Taco Shop. 3,500+ locations, almost entirely franchised. International presence",Near total franchise model means corporate has minimal control over local execution and franchisees have unmet asset demand by design. Three brands with heavy menu and LTO cadence. International franchise adds localization. Cost pressure is public,Franchise localization portal plus LTO asset systems,$200K to $450K,CMO per brand; VP Field Marketing; VP Franchise Marketing,Cost or turnaround programme; marketing leadership change; franchisee technology investment; international expansion,Ad fund structure and franchisee committee governance. Existing portal. Whether brands share creative. International market count,"Sam's Club, Coca-Cola",12,9,3,7,10,4,5,6,5,2,5,5,2,5,80,Tier 1 Named,1,Near total franchise model. Ad fund governance is the path to understand
16,Oddity Tech,Beauty and personal care,"S3, S10",$500M to $1B,NY and Israel,Public,IL MAKIAGE and SpoiledChild. Technology led DTC beauty with extremely high performance creative volume,"Business model is performance marketing led, meaning creative volume is the primary growth constraint and the company already measures it precisely. Sophisticated buyer with real AI capability internally, so the conversation is technical rather than educational. High shade and variant count",Performance creative and variant testing at volume,$100K to $250K,VP Growth; Head of Performance Marketing; Head of Creative,Brand launch activity; growth investment; creative capacity hiring,"Active Meta creative count. Whether creative is produced in house. Internal AI capability, which may make them a build not buy buyer","Quay, SimpliSafe, CyberArk",12,9,3,8,10,6,3,6,0,5,6,5,2,5,80,Tier 1 Named,1,"Sophisticated buyer. Send technical depth, not a deck. Build risk is real"
17,Bath & Body Works,Omnichannel retail,"S2, S4",$5B to $10B,"OH, US",Public,"1,800+ stores, very high SKU count with continuous fragrance and seasonal collection turnover","Seasonal and fragrance collection cadence is faster than almost any retailer on this list, meaning full asset regeneration multiple times per year. High SKU count with constant new introductions. Store count creates regional and promotional asset needs",Seasonal collection asset systems plus PDP content,$150K to $400K,VP Creative Operations; VP E-commerce; VP Brand Marketing,Marketing or creative leadership change; international expansion; open content ops roles,Collection cadence and asset volume per launch. SKU count. Creative ops structure and headcount,"Sephora and LVMH, Williams Sonoma",12,8,3,8,10,4,3,4,5,6,6,5,2,3,79,Tier 1 Named,1,Collection turnover cadence is the strongest angle
18,Church & Dwight,CPG multi brand,"S2, S7",$5B to $10B,"NJ, US",Public,"15+ consumer brands across household and personal care. Multi retailer: mass, club, grocery, Amazon","Classic long tail portfolio. Top brands hold agency relationships, the remaining 10+ are structurally underserved. Retailer specific asset variation across four channels plus international divisions",Long tail brand content programme,$150K to $350K,VP Brand Marketing; Head of Creative Operations; VP Shopper Marketing,Marketing leadership change in trailing 9 months; open AI or content ops roles; advertising expense trend in latest 10-K,Confirm brand count from current investor deck. Pull advertising expense from EDGAR. Count active Meta creatives. Identify named creative ops leader,"Coca-Cola, Svedka",12,8,3,8,10,4,8,6,0,5,5,5,2,3,79,Tier 1 Named,1,
19,Clorox,CPG multi brand,"S2, S7",$5B to $10B,"CA, US",Public,"12+ brands including Clorox, Burt's Bees, Hidden Valley, Brita, Glad. International divisions","Portfolio spans cleaning, personal care, food and lifestyle, meaning wildly different creative requirements per brand with a shared governance need. Burt's Bees alone is a high content velocity beauty brand inside a household parent",Portfolio governance plus long tail brand content,$150K to $400K,VP Brand Marketing; Head of Creative Operations; VP Digital Commerce,Public efficiency or cost programme; marketing leadership change; open AI roles in marketing,Brand count and segment structure from 10-K. Advertising expense. Whether Burt's Bees operates its own marketing team,"Coca-Cola, Sephora and LVMH",12,8,3,8,10,4,8,6,0,5,5,5,2,3,79,Tier 1 Named,1,
20,E. & J. Gallo Winery,CPG multi brand,"S2, S7",$1B to $5B,"CA, US",Family owned,Largest wine portfolio in the US. 100+ brands and several hundred labels across price tiers,"Extreme label multiplication with almost no creative investment below the flagship tier. Family ownership means fewer procurement layers than a comparable public company. Label, varietal and vintage variation is a textbook generation problem",Long tail label content plus packaging visualization,$150K to $400K,VP Brand Marketing; Head of Creative; VP Digital,New marketing leadership; DTC expansion; premiumization programme,Brand and label count. Whether creative is centralized. Family ownership means the decision maker may be higher and faster than title suggests,"Svedka, Coca-Cola",12,10,3,7,10,4,8,6,0,6,3,5,2,3,79,Tier 1 Named,1,Family owned. Faster decisions if you reach the right person
21,Edgewell Personal Care,CPG multi brand,"S3, S7",$1B to $5B,"CT, US",Public,"Schick, Wilkinson Sword, Banana Boat, Hawaiian Tropic, Wet Ones, Playtex, Billie, Jack Black. 20+ markets","Portfolio spans shave, sun, feminine care and grooming, each with distinct creative requirements and a shared governance need. Billie and Jack Black are DTC brands inside a traditional CPG parent, which usually means two incompatible content operating models",Portfolio governance plus long tail brand content,$100K to $275K,VP Brand Marketing; Head of Creative Operations; VP Digital and DTC,Marketing leadership change; DTC brand integration; cost programme,Brand count. Whether Billie and Jack Black run separate marketing. Market count. Advertising expense,"Sephora and LVMH, Quay",12,10,3,5,8,4,8,7,0,5,5,5,2,5,79,Tier 1 Named,1,DTC brands inside a CPG parent is a strong governance angle
22,GoTo Foods,QSR and franchise,"S8, S9",$1B to $5B,"GA, US",PE backed,"Seven brands: Cinnabon, Auntie Anne's, Jamba, Moe's, Carvel, Schlotzsky's, McAlister's. 6,700+ locations, franchised","Seven brands across snack, smoothie, and fast casual, all franchised, with a shared services structure that makes a single governance layer serving seven brands unusually attractive. Roark ownership creates a value creation mandate. Mall and non traditional locations add format variation",Multi brand franchise localization portal,$250K to $600K,CMO; VP Brand Marketing per brand; VP Field Marketing,PE value creation programme; marketing leadership change; franchisee technology investment; brand repositioning,Whether creative is shared across the seven brands. Ad fund structure. Existing franchisee asset portal,"Sam's Club, Coca-Cola",12,10,3,7,10,4,7,4,5,2,5,5,2,3,79,Tier 1 Named,1,CONFLICT CHECK: Jamba competes with Smoothie King. Clear with Sam before outreach
23,Kontoor Brands,Fashion and footwear,"S2, S7",$1B to $5B,"NC, US",Public,"Wrangler, Lee, Helly Hansen. Global footprint across 65+ markets. Very high SKU count with fit, wash and size variation","Denim fit, wash and size variation produces one of the highest imagery combinatorics in apparel. 65+ market footprint is a strong localization multiplier. Helly Hansen acquisition adds a technical outdoor brand with entirely different creative requirements",Fit and wash variant imagery plus localization,$150K to $350K,VP E-commerce; Head of Creative Operations; VP Global Brand Marketing,Helly Hansen integration; marketing leadership change; market expansion; cost programme,Market and language count. SKU and wash count. Whether Helly Hansen creative is integrated. Creative ops structure,"PacSun, Marc Jacobs, BMW",12,10,3,7,10,4,5,7,0,6,5,5,2,3,79,Tier 1 Named,1,Denim wash and fit combinatorics is very specific and credible
24,Academy Sports and Outdoors,Omnichannel retail,"S2, S4",$5B to $10B,"TX, US",Public,"280+ stores with expansion programme. 100,000+ SKUs. Growing owned brand portfolio. Emerging retail media",High SKU count with a substantial owned brand portfolio that requires brand level rather than retailer level content. Store expansion into new regions adds local asset volume. Owned brands receive far less creative investment than national brands they sit beside,Owned brand content plus PDP content at catalogue scale,$150K to $350K,VP E-commerce; VP Marketing; Head of Creative Operations,Store expansion programme; owned brand expansion; retail media launch; marketing leadership change,Owned brand count. SKU content coverage. Whether retail media exists. Creative ops structure,"Sam's Club, Amazon",12,8,3,7,10,4,7,2,4,6,5,5,2,3,78,Tier 1 Named,2,
25,Celsius Holdings,CPG multi brand,"S3, S10",$1B to $5B,"FL, US",Public,High growth energy portfolio plus Alani Nu acquisition. Very high flavour SKU count and heavy creator marketing,"Growth rate has outpaced marketing infrastructure, which is the classic condition for a content supply constraint. Flavour variant volume plus creator content adaptation plus retail and club channel assets all compound. Alani Nu integration adds a second brand system",Social and creator content volume plus flavour variant assets,$100K to $250K,VP Brand Marketing; Head of Content; VP Digital,Alani Nu integration; marketing leadership change; international expansion; capacity hiring,Whether Alani Nu marketing is integrated. Meta creative count. Social cadence versus in house team size,"Quay, PacSun",12,10,3,7,10,6,3,4,0,5,6,5,2,5,78,Tier 1 Named,1,Growth outpacing infrastructure is the wedge
26,Fossil Group,Fashion and accessories,"S2, S7",$1B to $5B,"TX, US",Public,"Fossil, Skagen, Zodiac plus licensed watch brands including Michael Kors, Armani Exchange, Diesel, Emporio Armani","Licensed watch brand portfolio requires assets approved by two brand systems for every SKU, which is a governance problem no template tool addresses. Watch SKU variation across case, dial and strap is combinatorial. Turnaround context creates a cost mandate",Licensed brand asset governance plus SKU variant imagery,$100K to $250K,Head of Creative Operations; VP E-commerce; VP Global Brand,Turnaround or cost programme; marketing leadership change; licensing portfolio change,Licensed brand count. SKU and variant count. Whether licensor approval is a known bottleneck. Cost programme targets,"Marc Jacobs, Quay, Panasonic",12,10,3,5,10,2,8,7,0,6,3,5,2,5,78,Tier 1 Named,2,Licensor dual approval is a distinctive and underpitched wedge
27,McCormick & Company,CPG multi brand,"S2, S7",$5B to $10B,"MD, US",Public,"Spice, seasoning and condiment portfolio including Frank's RedHot, French's, Cholula, Old Bay. Global footprint","Recipe and usage occasion content is a permanent, unbounded need in this category and is exactly the workstream agencies deprioritize. High SKU count with heavy retailer and shopper requirements. Global footprint adds language and taste localization",Recipe and occasion content at volume plus retailer assets,$150K to $350K,VP Brand Marketing; Head of Content; VP Digital Commerce,Marketing leadership change; open content or AI roles; e-commerce growth targets,SKU count. Whether recipe content is produced in house or by agency. Advertising expense,"Coca-Cola, Svedka",12,8,3,7,10,4,8,7,0,6,3,5,2,3,78,Tier 1 Named,1,Recipe content is the single clearest wedge here
28,Bloomin' Brands,QSR and franchise,S8,$1B to $5B,"FL, US",Public,"Outback Steakhouse, Carrabba's, Bonefish Grill, Fleming's. 1,400+ locations plus international franchise","Four brands with distinct positioning, mixed company and franchise operation, plus Brazilian and other international operations. Turnaround and strategic review context creates a strong cost mandate. Menu and LTO photography is expensive and recurring across four brands",Multi brand menu and LTO asset systems,$150K to $400K,CMO per brand; VP Marketing; Head of Creative,Turnaround or strategic review; Brazil divestiture activity; marketing leadership change; cost programme,Whether brands share creative. Food photography cost and cadence. International structure. Cost programme targets,"Sam's Club, Svedka",12,10,3,7,10,4,5,4,5,2,5,5,2,3,77,Tier 2 Priority,1,Food photography cost across four brands is the clearest arithmetic
29,GNC Holdings,Omnichannel retail,"S3, S8",$1B to $5B,"PA, US",PE backed,"2,000+ locations including franchised stores. Extensive owned brand portfolio. High SKU count with claim heavy category",Franchise structure plus owned brand portfolio plus supplement category claim requirements creates three overlapping content problems. PE ownership creates a cost mandate. Franchisee local asset demand is permanently unmet in this model,Franchise localization portal plus owned brand PDP content,$100K to $275K,VP Marketing; VP Franchise Marketing; Head of Creative,PE ownership cost programme; marketing leadership change; franchise expansion,Franchise versus company operated split. Owned brand count. Ad fund structure. PE sponsor and hold period,"Sam's Club, SimpliSafe",12,10,3,4,8,2,8,4,5,6,3,5,2,5,77,Tier 2 Priority,2,Franchise plus PE plus claim governance is a strong triple stack
30,Helen of Troy,CPG multi brand,"S2, S7",$1B to $5B,"TX, US",Public,"10+ brands including OXO, Hydro Flask, Osprey, Drybar, Curlsmith plus licensed Braun, Vicks and Honeywell. Very high SKU count","High brand count spanning housewares, beauty, outdoor and health, several of them licensed and requiring dual brand approval. Very high SKU count with colour and configuration variation. Public turnaround and cost mandate is explicit. The tail brands in this portfolio receive minimal creative investment",Long tail brand content plus PDP and colourway variant imagery,$125K to $300K,Head of Creative Operations; VP Brand Marketing; VP E-commerce,Turnaround or cost reduction programme; marketing leadership change; brand divestiture activity,Current brand count after divestitures. Licensed versus owned split. SKU and colourway count. Cost programme targets from investor materials,"Williams Sonoma, Quay, Panasonic",12,10,3,5,10,2,8,6,0,6,3,5,2,5,77,Tier 2 Priority,1,Explicit public cost mandate plus licensed brand governance
31,Inspire Brands,QSR and franchise,"S8, S9",Over $10B,"GA, US",PE backed,"Six brands: Arby's, Dunkin', Sonic, Buffalo Wild Wings, Jimmy John's, Rusty Taco. 32,000+ locations, predominantly franchised","The largest franchise multiplication problem on this list. Six brands times 32,000 locations times monthly LTO cadence times DMA level media. Roark ownership creates a value creation mandate. Franchisee local asset demand across this footprint is unmeetable by any conventional production model",Franchise localization portal plus multi brand LTO asset systems,$300K to $750K,CMO per brand; VP Field Marketing; VP Franchise Marketing,PE value creation programme; brand level marketing leadership changes; franchisee marketing technology investment,"Whether marketing is centralized or per brand. Ad fund structure per brand. Existing franchisee portal. Enter at brand level, not holdco","Sam's Club, Coca-Cola",12,5,2,8,10,6,7,6,5,2,6,5,2,1,77,Tier 2 Priority,1,"Highest franchise ceiling on the list. Enter at one brand, expand across six"
32,Oxford Industries,Fashion and apparel,"S2, S7",$1B to $5B,"GA, US",Public,"Tommy Bahama, Lilly Pulitzer, Johnny Was, Southern Tide, Duck Head. 200+ retail locations plus restaurants","Five distinct lifestyle brands with strong and different visual identities, which is exactly the condition where a shared governance layer creates value without homogenizing. Lilly Pulitzer print based design creates unusual variant volume. Tommy Bahama restaurants add a separate content system",Portfolio governance plus print and colourway variant imagery,$100K to $250K,Head of Creative Operations; VP E-commerce; VP Brand Marketing,Marketing or creative leadership change; brand acquisition; cost programme,Whether brands share any creative resources. Print and colourway count for Lilly Pulitzer. Retail and restaurant location count,"Marc Jacobs, Williams Sonoma, PacSun",12,10,3,5,8,4,7,2,4,5,5,5,2,5,77,Tier 2 Priority,2,Five strong distinct brands makes the governance case unusually clean
33,Petco Health and Wellness,Omnichannel retail,"S2, S4, S6",$5B to $10B,"CA, US",Public,"1,500+ locations including in store services and vet clinics. High SKU count. Owned brand portfolio. Retail media network",Retail plus services plus veterinary creates three content systems. Location count drives local asset needs. Owned brand portfolio and retail media network add two further demand streams. Turnaround context creates a cost mandate,PDP content plus local and services asset systems,$150K to $350K,VP E-commerce; VP Retail Media; Head of Creative Operations,Turnaround or cost programme; marketing leadership change; retail media expansion,Owned brand count. Retail media scale. Cost programme targets. Whether services marketing is separate,"Sam's Club, Amazon",12,8,3,7,10,4,5,2,5,6,5,5,2,3,77,Tier 2 Priority,1,
34,The J.M. Smucker Company,CPG multi brand,"S2, S7",$5B to $10B,"OH, US",Public,"Portfolio including Folgers, Jif, Smucker's, Hostess, Cafe Bustelo. Recent large acquisition integration","Post acquisition portfolios carry duplicated creative spend and inconsistent brand systems, which is the condition a governance layer resolves. Coffee and snacking categories are promotion heavy with constant retailer asset demand",Portfolio governance plus retailer asset variation,$150K to $350K,VP Brand Marketing; VP Integrated Marketing; Head of Creative Operations,Acquisition integration; synergy or cost target disclosed to investors; marketing leadership change,Whether Hostess marketing has been integrated. Synergy targets from investor materials. Advertising expense,Coca-Cola,12,8,3,8,10,4,8,4,0,5,5,5,2,3,77,Tier 2 Priority,2,Acquisition integration is the trigger to verify first
35,Bausch + Lomb,Consumer health and device,"S2, S7",$1B to $5B,NJ and Canada,Public,"Contact lens, surgical and consumer eye health portfolio. 100+ markets. Regulated claims across all categories","Three business segments with very different audiences: consumer, surgical and pharmaceutical, each with regulatory review requirements. 100+ market footprint is a major localization multiplier. Regulated claim governance is a paid feature here",Localization plus regulated claim governance,$150K to $400K,VP Global Marketing; Head of Creative Operations; VP Consumer Marketing,Marketing leadership change; portfolio separation activity; cost programme; product launches,Market and language count. Whether consumer marketing is separate from surgical. Regulatory review process and duration,"SimpliSafe, Panasonic",12,10,3,7,8,4,7,7,0,5,3,5,2,3,76,Tier 2 Priority,1,Regulatory review adds 4 to 8 weeks. Price and forecast it in
36,Boot Barn Holdings,Omnichannel retail,"S3, S4",$1B to $5B,"CA, US",Public,450+ stores with strong expansion. Exclusive brand portfolio at 35%+ of sales. High SKU count with size and width variation,Exclusive brand portfolio means Boot Barn must market owned brands like a CPG company while running a retailer content operation. Footwear size and width variation multiplies imagery requirements. Store expansion adds local assets,Owned brand content plus PDP and variant imagery,$100K to $250K,VP E-commerce; VP Marketing; Head of Creative,Exclusive brand expansion; store growth programme; marketing leadership change,Exclusive brand count. SKU and variant count. Content coverage. Creative team size,"PacSun, Williams Sonoma",12,10,3,4,8,4,7,2,4,5,5,5,2,5,76,Tier 2 Priority,2,Exclusive brand portfolio is the clearest wedge
37,Kenvue,Beauty and personal care,"S2, S7",Over $10B,"NJ, US",Public,"Neutrogena, Aveeno, Listerine, Tylenol, Band-Aid, Zyrtec and 20+ more. Global footprint across 100+ markets","Very high brand count spanning skin health, oral care and OTC, each with different regulatory requirements. 100+ market footprint. Recent spinoff means brand systems and creative operations are still being rebuilt independently, which is a genuine window. Claim governance is a paid feature in OTC",Portfolio governance plus localization and compliance,$200K to $500K,Head of Creative Operations; VP Global Brand; VP Digital,Post spinoff operating model build; cost programme; marketing leadership changes; activist pressure,Brand count. Whether creative operations are centralized post spinoff. Cost programme targets. Which brands hold discretionary budget,"Sephora and LVMH, Panasonic",12,5,2,8,10,4,8,7,0,6,6,5,2,1,76,Tier 2 Priority,1,Post spinoff rebuild is a real window. Enter at brand or region level
38,Molson Coors,CPG multi brand,"S2, S7",Over $10B,"CO, US",Public,"Multi brand beer portfolio plus emerging beverage brands. US, Canada, UK and EMEA operations",Beer portfolio has a small number of megabrands and a long tail of regional and craft labels with minimal creative support. Sports and seasonal calendar creates predictable volume spikes. Multi country footprint adds a language multiplier,Long tail brand content plus seasonal campaign systems,$200K to $450K,VP Brand Marketing; VP Digital; Head of Creative Operations,Efficiency mandate on earnings calls; marketing leadership change; beyond beer portfolio expansion,Brand count. Whether US and UK marketing operate separately. Advertising expense from 10-K,"Svedka, Coca-Cola, BMW",12,5,2,8,10,6,8,6,0,5,6,5,2,1,76,Tier 2 Priority,2,UK entity may be a lighter procurement path than US
39,Papa John's International,QSR and franchise,S8,$1B to $5B,"GA, US",Public,"5,900+ locations across 45+ countries, predominantly franchised. Heavy promotional and LTO cadence","45+ country footprint plus 5,900 locations plus near constant promotional cadence is a three way multiplier. Turnaround context creates a cost mandate. International franchise localization is a genuine and expensive problem in this model",Franchise localization portal plus international asset localization,$200K to $450K,CMO; VP International Marketing; VP Field Marketing,Turnaround or cost programme; marketing leadership change; international expansion; franchisee relations,Ad fund structure domestically and internationally. Country and language count. Existing localization process,"Sam's Club, Coca-Cola",12,10,3,7,10,4,1,7,5,2,5,5,2,3,76,Tier 2 Priority,1,45+ countries plus franchise is the strongest localization stack in QSR
40,Beiersdorf North America,Beauty and personal care,"S2, S7",$1B to $5B,"CT, US",Subsidiary,"Nivea, Coppertone, Eucerin, Aquaphor, La Prairie in the Americas. Regional P&L within a global parent",Americas division of a global parent is the best of both structures: global brand multiplier with a local buying centre and lighter procurement than global HQ. Sun care and derma categories are claim heavy. Multiple brands with different positioning under one regional team,Regional asset localization plus portfolio governance,$125K to $300K,VP Marketing Americas; Head of Creative; VP Digital,Regional leadership change; brand relaunch activity; US market investment programme,Regional P&L autonomy and creative decision authority. Brand count in the Americas. Whether creative comes from Hamburg or is produced locally,"Sephora and LVMH, Panasonic, BMW",12,10,3,7,8,4,7,4,0,5,5,5,2,3,75,Tier 2 Priority,1,Regional division entry. Confirm local budget authority first
41,Chobani,CPG multi brand,"S3, S7",$1B to $5B,"NY, US",Private,"Yogurt, coffee, creamer and oat portfolio. High SKU and flavour count. Private, founder led","Category expansion from yogurt into coffee, creamers and oat has multiplied SKU and creative requirements faster than a private company marketing team typically scales. Private ownership means fewer procurement layers and a faster decision if the right person is reached",Flavour and SKU variant content plus social volume,$100K to $275K,VP Brand Marketing; Head of Creative; VP Digital,New category launch; marketing leadership change; capacity hiring; IPO preparation activity,SKU count across categories. Marketing headcount. Whether creative is agency led. Private company financials require estimation,"Coca-Cola, Quay",12,10,3,7,10,4,5,2,0,5,5,5,2,5,75,Tier 2 Priority,1,Private. Financials are estimates. Confirm before scoping
42,Constellation Brands,CPG multi brand,"S2, S7",Over $10B,"NY, US",Public,"Beer, wine and spirits portfolio with 100+ brands and labels. Multi state regulatory variation",Highest label and SKU count in beverage alcohol on this list. Wine portfolio in particular carries hundreds of labels that receive almost no creative investment. Alcohol marketing codes create a governance requirement that raw AI tools cannot satisfy,Long tail brand and label content plus compliance governance,$200K to $500K,VP Brand Marketing; VP Digital; Head of Creative Operations,Portfolio review or divestiture activity; marketing leadership change; DTC or e-commerce expansion,Label count in the wine and spirits division. Advertising expense. Which division holds discretionary creative budget,"Svedka, Coca-Cola",12,5,3,8,10,4,8,6,0,6,5,5,2,1,75,Tier 2 Priority,1,Alcohol compliance adds governance value. Price it in
43,Dick's Sporting Goods,Omnichannel retail,"S2, S4, S6",Over $10B,"PA, US",Public,"850+ stores across multiple banners, 100,000+ SKUs, operates a retail media network, growing private label portfolio",Multi banner structure plus vendor brand assets plus private label brands plus retail media advertiser creative creates four distinct content demand streams. House of Sport format expansion adds experiential asset needs,Retail media creative services plus PDP content,$200K to $500K,VP Retail Media; VP E-commerce; Head of Creative Operations,Retail media expansion; House of Sport rollout; digital or marketing leadership change,Retail media network scale and advertiser creative attach rate. Private label brand count. Banner count,"Sam's Club, Amazon, PacSun",12,5,2,8,10,6,5,2,5,6,6,5,2,1,75,Tier 2 Priority,1,Note: sports league and athlete likeness content is off limits
44,Energizer Holdings,CPG multi brand,"S3, S7",$1B to $5B,"MO, US",Public,"Energizer, Rayovac plus auto care brands Armor All, STP, A/C Pro. Global distribution in 50+ markets","Two very different category groups under one parent with heavy SKU variation and genuinely global market coverage. Auto care in particular is a high SKU, low creative investment portfolio. 50+ market footprint is a strong localization multiplier at mid market budget",Localization plus PDP and SKU content,$100K to $275K,VP Brand Marketing; VP Global Marketing; Head of Creative Operations,Marketing leadership change; cost or margin programme; international expansion,Market and language count. Whether auto care marketing is separate from batteries. SKU count,"Panasonic, BMW",12,10,3,5,8,2,7,7,0,6,3,5,2,5,75,Tier 2 Priority,1,50+ market footprint is the standout signal
45,RH,Omnichannel retail,"S3, S4",$1B to $5B,"CA, US",Public,Luxury home furnishings with multiple collections and galleries. Very high production value imagery standard. International expansion underway,"Brand is built on photography quality, which is normally a reason to avoid AI content, but the volume requirement across sourcebooks, galleries and digital is enormous and the European expansion multiplies it. Lifestyle context generation is the wedge, not product replacement",Lifestyle and contextual imagery at volume plus localization,$125K to $300K,VP Creative; Head of Creative Operations; VP E-commerce,European expansion; marketing or creative leadership change; cost programme,European market count. Sourcebook production volume and cost. Whether creative is fully in house,"Williams Sonoma, Marc Jacobs, BMW",12,10,3,7,8,4,3,4,4,5,3,5,2,5,75,Tier 2 Priority,2,Craft objection will be strong. Lead with lifestyle context only
46,Shiseido Americas,Beauty and personal care,"S2, S7",$1B to $5B,"NY, US",Subsidiary,"Shiseido, NARS, Drunk Elephant, Clé de Peau, Dior beauty licence in the Americas region",Americas division with several brands at very different price tiers and audiences. NARS and Drunk Elephant have high social cadence requirements. Regional structure means a local buying centre. Turnaround context in the Americas creates a mandate,Portfolio governance plus social and shade variant content,$125K to $300K,VP Marketing Americas; Head of Creative; VP Digital and E-commerce,Americas turnaround or restructuring; regional leadership change; brand investment shifts,Regional creative decision authority. Brand count in the Americas. Whether brands share creative resources. Restructuring scope,"Sephora and LVMH, Marc Jacobs, Quay",12,10,3,7,8,4,7,4,0,5,5,5,2,3,75,Tier 2 Priority,1,Americas turnaround is the trigger to verify
47,Whirlpool Corporation,Consumer electronics and appliances,"S2, S7",Over $10B,"MI, US",Public,"Whirlpool, KitchenAid, Maytag, JennAir, Amana, Consul, Brastemp. Very high SKU count. Global footprint","High brand count times very high SKU count times finish and configuration variation times global markets. Appliance PDP content across finishes and configurations is a combinatorial imagery problem. Cost pressure is public and severe, which creates a genuine mandate",PDP and configuration variant imagery plus localization,$200K to $500K,Head of Creative Operations; VP Brand Marketing; VP Digital and E-commerce,Cost reduction programme; marketing leadership change; portfolio or regional restructuring,SKU and finish variant count. Brand count. Whether creative is centralized. Cost programme targets from investor materials,"Panasonic, BMW, Williams Sonoma",12,5,2,8,10,4,8,7,0,6,5,5,2,1,75,Tier 2 Priority,1,Public cost mandate plus configuration combinatorics. Strong stack
48,Wingstop,QSR and franchise,S8,$500M to $1B,"TX, US",Public,"2,500+ locations, 98% franchised, aggressive unit growth, international expansion, monthly promotional cadence","Very high franchise percentage plus rapid unit growth plus international expansion. Marketing is sophisticated and digital led, meaning the buyer is receptive rather than needing education. Local and DMA asset demand grows with every new unit opened",Franchise localization portal plus DMA asset systems,$150K to $400K,CMO; VP Brand Marketing; VP Field Marketing,Unit growth programme; international expansion; marketing leadership change; digital investment,Ad fund structure. Existing franchisee asset process. International market count. Unit opening cadence,"Sam's Club, Coca-Cola",12,9,3,7,8,6,1,4,5,2,6,5,2,5,75,Tier 2 Priority,1,Sophisticated digital led marketing team. Receptive buyer
49,Driven Brands Holdings,Multi unit franchise services,"S8, S9",$1B to $5B,"NC, US",Public,"Take 5, Meineke, CARSTAR, Maaco, 1-800-Radiator and more. 5,000+ locations across 15+ brands, predominantly franchised","Fifteen or more brands times 5,000 locations, almost all franchised, is a franchise multiplication problem comparable to QSR but with almost no competition selling into it. Cost and portfolio rationalization programme creates a mandate. Local and DMA asset demand is structurally unmet",Multi brand franchise localization portal,$200K to $500K,CMO; VP Brand Marketing per platform; VP Franchise Marketing,Portfolio rationalization or cost programme; marketing leadership change; franchisee technology investment,Current brand count after divestitures. Whether marketing is shared across brands. Ad fund structure per brand,"Sam's Club, BMW",12,10,3,5,10,2,8,4,5,2,3,5,2,3,74,Tier 2 Priority,1,Very high brand count. Almost nobody is selling AI content into auto services franchise
50,Hain Celestial Group,CPG multi brand,"S3, S7",$1B to $5B,"NJ, US",Public,"20+ natural and organic brands including Celestial Seasonings, Terra, Garden Veggie, Earth's Best. US, UK and Europe","Very high brand count against modest revenue, which is the definition of a thin tail. Turnaround context creates a cost mandate. Multi country footprint adds localization need at mid market budget levels",Long tail brand content plus portfolio governance,$100K to $250K,VP Brand Marketing; Head of Creative Operations; VP Digital,Turnaround or cost programme disclosed to investors; marketing leadership change; brand divestiture activity,Current brand count after divestitures. Whether UK marketing is separate. Cost programme targets from investor materials,"Svedka, Goodwill",12,10,3,5,8,2,8,6,0,5,3,5,2,5,74,Tier 2 Priority,1,Cost mandate is likely the strongest angle
51,Tractor Supply Company,Omnichannel retail,"S2, S4, S6",Over $10B,"TN, US",Public,"2,300+ stores, 100,000+ SKUs, operates a retail media network, strong private label portfolio",Very high SKU count with a large private label brand portfolio that must be marketed like owned brands. Store count creates a regional asset multiplier. Retail media network creates a second creative demand stream with its own funding,PDP and SKU content at catalogue scale plus retail media creative,$200K to $500K,VP Retail Media; VP E-commerce; Head of Creative Operations,Retail media expansion; digital leadership change; private label brand expansion,Private label brand count. Retail media network scale. SKU count with content coverage gap. Creative ops leadership,"Sam's Club, Amazon, Williams Sonoma",12,5,2,8,10,4,7,2,5,6,5,5,2,1,74,Tier 2 Priority,1,Private label portfolio is an underrated multiplier here
52,Dexcom,Consumer health and device,S2,$1B to $5B,"CA, US",Public,Continuous glucose monitoring. Direct to consumer advertising at scale plus HCP channel. 25+ markets,"Consumer medical device with real broadcast and digital advertising budget, meaning campaign asset volume is high. Dual audience of patient and healthcare professional doubles asset requirements. Patient education content is a large and recurring need. FDA promotional review makes governance valuable",Patient education content at volume plus regulated campaign assets,$150K to $400K,VP Global Marketing; VP Consumer Marketing; Head of Creative,Product launch cycles; marketing leadership change; direct to consumer investment increase; market expansion,Market count. Whether patient and HCP creative are separate. Promotional review process duration. Advertising expense,"SimpliSafe, ResMed style device precedent, Panasonic",12,10,3,8,8,6,1,6,0,3,6,5,2,3,73,Tier 2 Priority,1,ResMed engagement is directly relevant precedent. Use it
53,Hims & Hers Health,Consumer health and wellness,"S2, S10",$1B to $5B,"CA, US",Public,Telehealth and DTC pharmacy across multiple condition categories. Extremely high performance creative volume. Rapid category expansion,Performance marketing led model where creative volume is the direct growth constraint and the company measures it precisely. Condition category expansion multiplies content requirements. Regulated health claims plus advertising substantiation make governance genuinely valuable rather than optional,Performance creative at volume plus regulated claim governance,$150K to $350K,VP Growth; VP Brand Marketing; Head of Creative,Category expansion; marketing leadership change; international expansion; creative capacity hiring,Active Meta creative count. Whether creative is produced in house. Category count. Internal AI capability,"Quay, SimpliSafe",12,10,3,8,10,6,3,2,0,3,6,5,2,3,73,Tier 2 Priority,1,Highest performance creative volume in this segment. Bring numbers
54,Jack in the Box Inc.,QSR and franchise,S8,$1B to $5B,"CA, US",Public,"Jack in the Box and Del Taco. 2,800+ locations, predominantly franchised. Regional concentration with expansion",Two brands with heavy LTO cadence and regional price and promotion variation. High franchise percentage. Del Taco integration and potential divestiture activity creates change. Cost pressure is public and marketing efficiency is on the agenda,LTO asset systems plus franchise and DMA localization,$150K to $400K,CMO per brand; VP Field Marketing; Head of Creative,Cost or strategic review programme; Del Taco divestiture activity; marketing leadership change,Whether the two brands share creative resources. Ad fund structure. Del Taco strategic status. LTO cadence,"Sam's Club, Coca-Cola",12,10,3,7,10,4,3,2,5,2,5,5,2,3,73,Tier 2 Priority,1,
55,Panera Brands,QSR and franchise,"S8, S9",$5B to $10B,"MO, US",PE backed,"Panera Bread, Caribou Coffee, Einstein Bros Bagels. 4,000+ locations, mixed franchise and company operated","Three brands with different day parts and audiences, mixed ownership model, and a large franchise base. JAB ownership plus long standing IPO preparation creates a cost and efficiency mandate. Menu and LTO cadence is high across all three brands",Multi brand LTO asset systems plus franchise localization,$200K to $500K,CMO per brand; VP Field Marketing; Head of Creative,IPO preparation; PE cost programme; marketing leadership changes; menu innovation cadence,Whether marketing is shared across brands. Franchise versus company split. Ad fund structure. IPO timeline,"Sam's Club, Coca-Cola",12,8,3,7,10,4,5,2,5,2,5,5,2,3,73,Tier 2 Priority,1,IPO preparation is a strong cost mandate trigger. Verify status
56,The Simply Good Foods Company,CPG multi brand,"S3, S7",$1B to $5B,"CO, US",Public,"Quest, Atkins and OWYN. High SKU count across bars, shakes, snacks and multiple flavour lines","Flavour and format combinatorics across three brands produce heavy PDP and retailer asset volume. Quest specifically operates at high social cadence. Category is claim heavy, so governance has real value",PDP and flavour variant content plus social volume,$100K to $250K,VP Brand Marketing; VP Digital and E-commerce; Head of Creative,New marketing leadership; SKU expansion; e-commerce growth targets,SKU count across the three brands. Whether Quest and Atkins marketing teams are separate. Meta creative count,"Quay, Svedka",12,10,3,5,8,4,5,4,0,5,5,5,2,5,73,Tier 2 Priority,1,
57,The Vitamin Shoppe,Omnichannel retail,"S3, S8",$1B to $5B,"NJ, US",PE backed,600+ locations plus e-commerce. Owned brand portfolio. Claim heavy supplement category with high SKU count,Similar structural profile to GNC with PE ownership creating a cost mandate. Owned brands require CPG style content from a retailer marketing team. Supplement claim requirements make governance a paid feature rather than an obstacle,Owned brand content plus compliance governance,$75K to $200K,VP Marketing; VP E-commerce; Head of Creative,PE cost programme; marketing leadership change; owned brand expansion,PE sponsor and hold period. Owned brand count. SKU count. Marketing team size,"SimpliSafe, Sam's Club",12,10,3,4,8,2,7,2,5,5,3,5,2,5,73,Tier 2 Priority,3,
58,Utz Brands,CPG multi brand,"S3, S7",$1B to $5B,"PA, US",Public,"15+ regional snack brands including Utz, Zapp's, On The Border, Boulder Canyon","Regional brand structure creates a geographic plus brand multiplication problem at mid market scale, where budget is real but agency support is thin. Snack category is heavily promotional with constant retailer asset needs",Long tail brand content plus regional asset variation,$100K to $250K,VP Brand Marketing; Head of Creative; VP Shopper Marketing,New marketing leadership; brand expansion into new geographies; margin improvement programme,Brand count. Regional distribution footprint. Whether creative is agency led or in house,"Svedka, PacSun",12,10,4,5,8,4,8,2,0,5,3,5,2,5,73,Tier 2 Priority,1,
59,Vuori,Fashion and apparel,"S3, S10",$500M to $1B,"CA, US",Growth backed,High growth performance apparel. 100+ stores planned. International expansion. Colourway heavy assortment,"Growth rate has outpaced content infrastructure, which is the standard condition in a company at this stage. Store expansion plus international entry plus colourway variation compound simultaneously. Growth capital means budget exists and decisions are fast",Colourway variant imagery plus social and campaign volume,$100K to $250K,VP Brand Marketing; Head of Creative; VP E-commerce,Store expansion; international market entry; marketing leadership hires; capital raise deployment,Store count and expansion pace. Market count. Creative team size versus growth. Private company financials require estimation,"PacSun, Quay, Marc Jacobs",12,9,3,7,8,4,1,4,2,5,6,5,2,5,73,Tier 2 Priority,1,Private. Growth backed. Fast decisions if you reach the CMO
60,Dutch Bros,QSR and franchise,"S3, S8",$1B to $5B,"AZ, US",Public,950+ locations with very aggressive unit growth. Heavy seasonal and LTO menu cadence. Strong social and community presence,"Fastest unit growth rate in this segment, and every new market entry creates a local asset requirement. Menu and seasonal LTO cadence is high. Brand is community and social led, requiring content volume well beyond what the team size supports",Local market asset systems plus LTO and social content volume,$125K to $300K,CMO; VP Brand Marketing; Head of Creative,Unit growth and new market entry; marketing leadership change; capacity hiring,New market entry cadence. Whether local assets are produced centrally. Marketing team size versus growth rate,"Sam's Club, Quay",12,10,3,7,8,6,1,0,5,2,6,5,2,5,72,Tier 2 Priority,1,Unit growth rate is the trigger. Every new market needs assets
61,Five Below,Omnichannel retail,"S2, S4",$1B to $5B,"PA, US",Public,"1,800+ stores with aggressive expansion. Very high SKU turnover. Licensed and trend driven assortment",Extremely high SKU turnover with trend driven and licensed product means content must be produced faster than any conventional pipeline allows. Rapid store expansion adds local asset volume. Youth audience requires high social cadence,PDP and assortment content plus social volume,$125K to $300K,VP E-commerce; VP Marketing; Head of Creative,Store expansion; e-commerce investment; marketing leadership change; margin programme,SKU turnover rate. E-commerce content coverage. Social cadence versus team size,"Sam's Club, PacSun",12,10,3,5,8,4,1,2,5,5,5,5,2,5,72,Tier 2 Priority,2,
62,Movado Group,Fashion and accessories,"S3, S7",$500M to $1B,"NJ, US",Public,"Movado, Concord, Ebel plus licensed brands including Coach, Tommy Hilfiger, Hugo Boss, Lacoste, Calvin Klein","Ten or more licensed brands each requiring dual brand approval on every asset, at a revenue scale where dedicated creative resource per brand is impossible. Watch SKU combinatorics across case, dial and strap. This is a licensed brand governance problem in concentrated form",Licensed brand asset governance plus SKU variant imagery,$75K to $200K,Head of Creative; VP E-commerce; VP Marketing,Marketing leadership change; licensing portfolio change; e-commerce investment,Licensed brand count. SKU count. Creative team size. Whether licensor approval is a bottleneck,"Marc Jacobs, Quay",12,9,3,4,8,2,8,6,0,5,3,5,2,5,72,Tier 2 Priority,2,Highest licensed brand density per dollar of revenue on the list
63,Post Holdings,CPG multi brand,"S2, S7",$5B to $10B,"MO, US",Public,"Cereal, pet food and foodservice portfolio with 20+ brands including Post, Honey Bunches of Oats, Rachael Ray Nutrish",Acquisitive portfolio structure means brands arrive with inconsistent creative systems and no shared governance layer. Cereal category is packaging and promotion heavy with constant retailer asset demand,Portfolio governance plus retailer asset variation,$150K to $350K,VP Brand Marketing; VP Integrated Marketing; Head of Creative,Recent acquisition integration; marketing leadership change; brand consolidation programme,Brand count from 10-K. Whether marketing is centralized or per business unit. Advertising expense,Coca-Cola,12,8,3,7,8,4,8,4,0,5,3,5,2,3,72,Tier 2 Priority,2,
64,Sonos,Consumer electronics,S2,$1B to $5B,"CA, US",Public,Premium audio hardware across 60+ markets. Finish and configuration variation. Software plus hardware content requirement,Product launch driven content cycles plus 60+ market localization plus finish variants plus app and software content. Turnaround context following software issues creates a cost and trust rebuilding mandate. Brand relies on high production value imagery,PDP and lifestyle imagery plus localization,$125K to $300K,Head of Creative; VP Brand Marketing; VP Global Marketing,Turnaround or cost programme; marketing leadership change; product launch cycles,Market and language count. SKU and finish count. Whether creative is in house. Cost programme targets,"Panasonic, BMW, Williams Sonoma",12,10,3,7,8,4,1,7,0,5,5,5,2,3,72,Tier 2 Priority,2,
65,Wayfair,Omnichannel retail,"S2, S4, S6",Over $10B,"MA, US",Public,"30M+ SKUs, multiple owned brands including Allmodern, Joss & Main, Birch Lane, Perigold. Operates a retail media network",The highest SKU count on this list by an order of magnitude. Furniture and home imagery is expensive to produce conventionally and highly amenable to generated lifestyle context. Multi banner owned brand structure adds a brand governance layer,Synthetic product and lifestyle imagery at catalogue scale,$200K to $500K,VP E-commerce Content; VP Brand; Head of Creative Operations,Retail media expansion; profitability or cost programme; owned brand expansion,Owned brand count. SKU content coverage. Whether lifestyle imagery is produced in house. Cost programme targets,"Williams Sonoma, Amazon",12,5,2,8,10,4,7,4,0,6,6,5,2,1,72,Tier 2 Priority,1,Highest SKU multiplier available. Lifestyle imagery is the wedge
66,Conagra Brands,CPG multi brand,"S2, S7",Over $10B,"IL, US",Public,"40+ brands including Birds Eye, Healthy Choice, Slim Jim, Duncan Hines. Very high SKU count",Largest brand count on this list. Portfolio breadth means most brands receive minimal creative investment. Frozen and snacking categories carry heavy shopper and retailer asset requirements,Long tail brand content plus retailer asset variation,$200K to $450K,VP Brand Marketing; VP Integrated Marketing; Head of Creative Operations,Cost or efficiency language on recent earnings calls; brand portfolio review; marketing leadership change,"Brand count from 10-K segments. Advertising expense from EDGAR. Enter at brand or division level, never at corporate","Coca-Cola, Svedka",12,5,2,8,10,4,8,4,0,5,5,5,2,1,71,Tier 2 Priority,2,Enter at division level. Corporate procurement will be heavy
67,Rivian Automotive,Automotive,"S3, S10",$1B to $5B,"CA, US",Public,Electric vehicles with DTC model. Configuration and colour variation. Rapid product line expansion. Heavy brand content requirement,DTC automotive model means the company owns the entire customer facing content requirement with no dealer network to share it. Configuration and colour combinatorics. R2 launch creates a concentrated content need. Cost pressure is severe and public,Configuration and colour variant imagery plus launch content,$125K to $350K,VP Brand Marketing; Head of Creative; VP Digital,R2 launch programme; cost reduction mandate; marketing leadership change,Configuration and colour count. Whether creative is in house. Launch timeline. Cost programme targets,"BMW, Panasonic",12,10,3,7,8,6,1,4,0,5,5,5,2,3,71,Tier 2 Priority,2,Cost mandate is severe. Frame everything in cost per asset
68,Ulta Beauty,Omnichannel retail,"S2, S4, S6",Over $10B,"IL, US",Public,"1,400+ stores, 25,000+ SKUs across 600+ brands, operates a retail media network","The strongest single retail profile on this list. Enormous SKU count, a retail media network monetizing brand partner advertising, weekly promotional cadence, and a beauty category where variant imagery volume is extreme. Vendor funded creative demand exceeds internal capacity by a wide margin",Retail media creative services plus PDP content at catalogue scale,$200K to $500K,VP Retail Media; VP E-commerce; Head of Creative Operations,Retail media network expansion; marketing or digital leadership change; open AI or content ops roles,Retail media network scale and whether creative services are offered to advertisers. SKU count. Creative ops leadership on LinkedIn,"Sephora and LVMH, Sam's Club, Amazon",12,5,2,8,10,4,3,2,5,6,6,5,2,1,71,Tier 2 Priority,1,"Top target. Retail media is the entry point, not brand marketing"
69,Reynolds Consumer Products,CPG multi brand,"S3, S7",$1B to $5B,"IL, US",Public,"Reynolds Wrap, Hefty, Presto and store brand manufacturing. Very high SKU count across sizes and formats","Extreme SKU count driven by size and format variation, with a category where PDP and packaging imagery is the primary content need. Store brand business adds a private label asset requirement most agencies will not touch",PDP and SKU content at catalogue scale,$100K to $250K,VP Brand Marketing; VP E-commerce; Head of Creative,E-commerce growth targets; marketing leadership change; cost programme,SKU count. Whether private label assets are produced internally. Amazon and retailer content compliance status,"Amazon, Sam's Club",12,10,3,5,8,2,5,4,0,6,3,5,2,5,70,Tier 2 Priority,2,
70,Solventum,Consumer health and device,"S2, S7",$5B to $10B,"MN, US",Public,"Medical, dental, health IT and purification portfolio spun from 3M. Very high SKU count across four segments","Recent spinoff means brand systems, creative operations and vendor relationships are all being established independently, which is a genuine window that closes. Very high SKU count across four business segments. Regulated claims across most categories",Portfolio governance plus PDP and technical product content,$200K to $450K,Head of Creative Operations; VP Marketing per segment; VP Digital,Post spinoff operating model build; cost programme; marketing leadership hires; brand system development,Whether creative operations are centralized post spinoff. SKU count. Which segment holds discretionary budget. Spinoff timeline,"Panasonic, SimpliSafe, CyberArk",12,8,2,7,8,2,5,7,0,6,3,5,2,3,70,Tier 2 Priority,1,Post spinoff brand system build is a closing window. Move now
71,BellRing Brands,CPG multi brand,S3,$1B to $5B,"MO, US",Public,Premier Protein and Dymatize. High velocity nutrition category with heavy flavour and format variation,"Small brand count but very high SKU and flavour variation, plus a category where social and creator content volume is the primary growth channel. Lean marketing organization relative to revenue means acute capacity constraint",Social volume plus flavour variant content,$100K to $250K,VP Brand Marketing; Head of Content; VP Digital,Marketing leadership change; capacity expansion; new format or category launch,Marketing headcount on LinkedIn relative to revenue. Meta creative count. Social posting cadence,"Quay, SimpliSafe",12,10,3,5,8,4,3,2,0,5,5,5,2,5,69,Tier 2 Priority,2,
72,Torrid Holdings,Omnichannel retail,"S3, S4",$1B to $5B,"CA, US",Public,600+ stores plus strong e-commerce. Apparel with extensive size range. Frequent collection drops,Extended size range multiplies on model imagery requirements substantially beyond a standard apparel retailer. Drop cadence forces repeat full asset production. Turnaround context creates a cost mandate,On model and size variant imagery plus drop asset systems,$100K to $225K,VP E-commerce; VP Creative; Head of Marketing,Turnaround or cost programme; marketing leadership change; drop cadence increase,Size range and SKU count. Drop cadence. Photography cost per drop. Cost programme targets,"PacSun, Marc Jacobs",12,10,3,4,8,4,1,0,5,5,5,5,2,5,69,Tier 2 Priority,2,Size range multiplier is specific and credible. Handle representation carefully
73,Burlington Stores,Omnichannel retail,"S2, S4",$5B to $10B,"NJ, US",Public,"1,100+ stores with rapid expansion. Off price model with constantly changing assortment","Off price model means assortment changes continuously, which makes conventional product photography economically impossible and creates a permanent content gap. Rapid store expansion drives local and grand opening asset volume",PDP and assortment content plus local store asset systems,$150K to $350K,VP Marketing; VP E-commerce; Head of Creative Operations,Store expansion programme; e-commerce investment; marketing leadership change,Whether e-commerce is being built out. Store opening cadence. Assortment turnover rate. Creative ops structure,"Sam's Club, Goodwill",12,8,3,7,8,4,1,2,5,3,5,5,2,3,68,Tier 2 Priority,2,Assortment churn is an unusual and strong angle
74,Chewy,Omnichannel retail,"S2, S4, S6",Over $10B,"FL, US",Public,"Pure play e-commerce with 100,000+ SKUs, operates Chewy Ads retail media network, expanding private label brands","Pure play e-commerce means PDP content quality is directly tied to revenue, and content coverage across 100,000 SKUs is structurally incomplete. Chewy Ads creates advertiser creative demand. Private label brand expansion adds owned brand content need",PDP content at catalogue scale plus retail media creative,$200K to $500K,VP E-commerce Content; VP Retail Media; Head of Creative Operations,Chewy Ads expansion; private label brand launches; digital leadership change,SKU content coverage percentage. Chewy Ads advertiser count. Private label brand count,"Amazon, Sam's Club",12,5,2,8,10,4,5,2,0,6,6,5,2,1,68,Tier 2 Priority,2,
75,Hormel Foods,CPG multi brand,"S2, S7",Over $10B,"MN, US",Public,"40+ brands including Skippy, Planters, Jennie-O, Applegate, Wholly. Retail plus foodservice","Dual channel structure means retail and foodservice each need distinct asset sets from the same brands. Very high brand count with a thin tail. Planters and Skippy carry real media weight, the rest carry almost none",Long tail brand content plus dual channel asset variation,$150K to $400K,VP Brand Marketing; VP Foodservice Marketing; Head of Creative Operations,Efficiency programme; marketing leadership change; brand portfolio review,Brand count from 10-K. Whether foodservice marketing is separate. Advertising expense,"Coca-Cola, Svedka",12,5,2,7,10,4,8,4,0,5,3,5,2,1,68,Tier 2 Priority,3,Foodservice division may be an easier first entry than retail
76,Lancaster Colony,CPG multi brand,"S3, S7",$1B to $5B,"OH, US",Public,"Marzetti and Sister Schubert's plus licensed restaurant brands including Olive Garden, Buffalo Wild Wings, Chick-fil-A dressings",Licensed restaurant brand portfolio is an unusual and strong multiplier: each licensor brand requires assets that satisfy two brand systems simultaneously. That is exactly the governance problem a Brand Brain solves and almost nobody is selling into it,Licensed brand asset governance plus retailer variation,$100K to $250K,VP Brand Marketing; Head of Creative; VP Retail Sales and Marketing,New licensed brand additions; marketing leadership change; retail expansion,Number of licensed brands. Whether licensor brand approval is a known bottleneck. SKU count,"Coca-Cola, Svedka",12,10,3,4,8,2,7,2,0,5,3,5,2,5,68,Tier 2 Priority,2,Licensed brand dual approval is a distinctive wedge
77,Savers Value Village,Omnichannel retail,"S3, S4",$1B to $5B,"WA, US",Public,350+ thrift stores across US and Canada. Multiple banners. Assortment is entirely unique per store,"Every item is unique, which makes any product content strategy structurally impossible with conventional production. Multi banner and bilingual Canadian operations add multipliers. Sustainability narrative creates brand content need",Local store and brand content systems plus social volume,$75K to $200K,VP Marketing; Head of Brand; Director of Creative,Marketing leadership change; store expansion; brand repositioning,Banner count. Canadian operations and French requirement. Marketing team size and structure,"Goodwill, PacSun",12,10,3,4,6,4,5,2,4,2,3,5,2,5,67,Tier 3 Volume,3,Goodwill reference is directly on point here. CASL applies to Canada
78,Whoop,Consumer health and wellness,"S3, S10",$250M to $500M,"MA, US",VC backed,"Wearable health technology with subscription model. High content requirement for education, community and performance marketing","Subscription model means retention content plus acquisition creative plus feature education, three distinct content systems. Data driven brand narrative requires continuous content production. Late stage VC backing means budget and a growth mandate",Performance creative plus education and lifecycle content,$75K to $200K,VP Brand Marketing; Head of Content; VP Growth,Product launch cycles; marketing leadership change; international expansion; funding deployment,Active creative count. Content team size. Revenue requires estimation. Athlete and likeness rules will apply,"SimpliSafe, Quay, CyberArk",12,8,3,5,8,6,1,4,0,3,5,5,2,5,67,Tier 3 Volume,2,Athlete likeness content is off limits. Scope carefully
79,Flowers Foods,CPG multi brand,"S3, S7",$5B to $10B,"GA, US",Public,"Nature's Own, Dave's Killer Bread, Wonder, Canyon Bakehouse plus regional bakery brands. Direct store delivery network",Regional bakery brand structure plus a direct store delivery network creates a geographic and brand multiplication problem. Most brands in the portfolio receive minimal creative investment. Recent Simple Mills acquisition adds another brand system,Long tail brand content plus regional asset variation,$125K to $300K,VP Brand Marketing; Head of Creative Operations; VP Shopper Marketing,Acquisition integration; marketing leadership change; margin improvement programme,Brand count. Whether regional brands have any creative support. Advertising expense,"Svedka, Sam's Club",12,8,3,5,8,2,8,2,0,5,3,5,2,3,66,Tier 3 Volume,2,
80,Arhaus,Omnichannel retail,"S3, S4",$1B to $5B,"OH, US",Public,"100+ showrooms with expansion. High SKU count with fabric, finish and configuration variation",Furniture configuration variation across fabrics and finishes produces a combinatorial imagery problem that photography cannot economically cover. Showroom expansion adds local assets. Mid market revenue with a growing catalogue is a capacity constraint,Configuration and variant imagery at catalogue scale,$100K to $250K,VP E-commerce; VP Marketing; Head of Creative,Showroom expansion; e-commerce investment; marketing leadership change,SKU and configuration count. Content coverage percentage. Creative team size,"Williams Sonoma, Amazon",12,10,3,4,8,2,1,0,4,6,3,5,2,5,65,Tier 3 Volume,3,Configuration combinatorics is the clearest math to show
81,CAVA Group,QSR and fast casual,"S3, S10",$500M to $1B,"DC, US",Public,370+ locations with very aggressive expansion. Company operated. High menu innovation and seasonal cadence,Aggressive unit growth into new markets creates continuous local asset demand. Company operated means faster decisions than a franchise system. Menu innovation cadence is high. Growth stage marketing team is almost certainly capacity constrained,Local market asset systems plus menu and social content volume,$100K to $250K,CMO; VP Brand Marketing; Head of Creative,Unit growth and new market entry; marketing leadership hires; digital investment,New market entry cadence. Marketing team size. Whether food photography is in house or agency,"Sam's Club, Quay",12,9,3,5,8,4,1,0,4,2,5,5,2,5,65,Tier 3 Volume,2,Company operated means faster decisions than franchise peers
82,Amorepacific US,Beauty and personal care,"S3, S7",$250M to $500M,"NY, US",Subsidiary,"Laneige, Innisfree, Sulwhasoo, COSRX in the US market. Multiple brands with distinct positioning","Multiple K beauty brands in a US market requiring cultural and language adaptation from Korean source creative, which is a localization problem in its most literal form. Sephora and Amazon as primary channels each need distinct asset packages",Cultural adaptation and localization plus retailer asset packages,$75K to $175K,VP Marketing US; Head of Brand; Head of Creative,US growth investment; regional leadership change; brand launch activity,US entity decision authority. Brand count in the US. Whether creative comes from Seoul. Revenue requires estimation,"Sephora and LVMH, Quay",12,8,3,4,6,4,5,2,0,3,5,5,2,5,64,Tier 3 Volume,3,Cultural adaptation from Korean source creative is the specific wedge
83,Sol de Janeiro,Beauty and personal care,"S3, S10",$250M to $500M,"NY, US",Subsidiary,High growth body and fragrance brand within Grupo Boticario. Sold through Sephora and Ulta. Heavy social and creator content,"Growth rate has substantially outpaced marketing infrastructure. Social and creator content volume is the primary channel. Retailer specific requirements for Sephora and Ulta. Parent company is Brazilian, meaning the US entity likely has meaningful local autonomy",Social and creator content volume plus retailer asset packages,$75K to $175K,VP Brand Marketing; Head of Content; Head of Creative,US growth investment; marketing leadership hires; category or market expansion,US entity decision authority versus parent. Social cadence versus team size. Revenue requires estimation,"Sephora and LVMH, Quay",12,8,3,5,8,4,1,2,0,3,6,5,2,5,64,Tier 3 Volume,3,Confirm US entity budget autonomy before scoping
84,First Watch Restaurant Group,QSR and franchise,"S3, S8",$500M to $1B,"FL, US",Public,"570+ locations, mixed franchise and company operated, aggressive unit growth, seasonal menu cadence",Mixed ownership model with franchise base creating local asset demand. Very aggressive unit growth into new markets. Seasonal menu rotation is a core brand mechanic requiring recurring food photography and campaign assets,Franchise and local asset systems plus seasonal menu content,$100K to $250K,CMO; VP Marketing; VP Field Marketing,Unit growth programme; marketing leadership change; franchise expansion,Franchise versus company split. Ad fund structure. Seasonal menu cadence and photography cost. Marketing team size,"Sam's Club, Svedka",12,9,3,4,8,4,1,0,5,2,3,5,2,5,63,Tier 3 Volume,2,Seasonal menu rotation is the recurring revenue hook
85,Ollie's Bargain Outlet,Omnichannel retail,"S3, S4",$1B to $5B,"PA, US",Public,550+ stores with rapid expansion. Closeout model with constantly changing assortment. Minimal e-commerce,"Closeout assortment changes weekly, making conventional content production impossible. Rapid store expansion drives local and opening asset volume. Weekly circular and promotional cadence is heavy relative to marketing team size",Weekly promotional asset systems plus local store assets,$75K to $200K,VP Marketing; Head of Creative; Director of Digital Marketing,Store expansion programme; marketing leadership change; digital investment,Circular and promotional cadence. Marketing team size. Whether creative is agency led,"Sam's Club, Goodwill",12,10,4,4,8,2,1,0,5,2,3,5,2,5,63,Tier 3 Volume,3,Weekly promo cadence at a lean team is the pain
86,Rare Beauty,Beauty and personal care,"S3, S10",$250M to $500M,"CA, US",Private,Celebrity founded beauty brand with high social cadence. Sold through Sephora. Shade heavy assortment,"Shade range plus high social cadence against a small team. Sephora as primary retail channel means retailer specific asset requirements. Celebrity founder association means creative approval is tight, which makes governance valuable rather than optional",Shade variant imagery plus social content volume,$75K to $175K,VP Brand Marketing; Head of Content; Head of Creative,Marketing leadership change; international expansion; category expansion,Shade count per franchise. Social cadence versus team size. Private financials require estimation. Talent likeness rules will be strict,"Sephora and LVMH, Quay, Marc Jacobs",12,8,3,5,8,4,1,2,0,3,5,5,2,5,63,Tier 3 Volume,3,Likeness and talent rules will be a real constraint. Prepare for it
87,Olaplex Holdings,Beauty and personal care,S3,$250M to $500M,"CA, US",Public,Professional and consumer hair care with numbered product system. Salon plus retail plus DTC channels,Three channel structure requiring different asset packages from a small SKU count. Turnaround context creates a cost and growth mandate. Education content for the professional channel is a distinct and underserved volume requirement,Education and channel asset systems plus social content volume,$75K to $175K,VP Brand Marketing; Head of Content; Head of Creative,Turnaround programme; marketing leadership change; international expansion,Channel asset requirements. Education content volume. Creative team size. Cost programme targets,"Sephora and LVMH, Quay",12,8,3,4,6,4,1,4,0,3,5,5,2,5,62,Tier 3 Volume,3,Professional education content is the underpitched angle
88,Rothy's,Fashion and footwear,"S3, S10",$250M to $500M,"CA, US",PE backed,Sustainable footwear and accessories. Colourway and pattern heavy. International expansion. PE majority owner,"Colourway and pattern volume against a lean creative team. PE ownership creates a cost and growth mandate. Sustainability narrative requires continuous content that supports substantiated claims, where governance has value",Colourway variant imagery plus brand and social content volume,$75K to $150K,VP Brand Marketing; Head of Creative; Head of E-commerce,PE cost or growth programme; marketing leadership change; international expansion,PE sponsor and hold period. Colourway count. Creative team size. Revenue requires estimation,"Quay, PacSun",12,8,3,4,6,4,1,2,0,5,5,5,2,5,62,Tier 3 Volume,3,Cap the first scope. Revenue estimate is uncertain
89,Sweetgreen,QSR and fast casual,"S3, S10",$500M to $1B,"CA, US",Public,250+ locations with expansion. Company operated. High menu innovation cadence. Digital first ordering model,Digital first model means app and web asset requirements on top of local and menu content. Menu innovation cadence is high. Path to profitability pressure creates a cost mandate at a scale where marketing budget is genuinely constrained,Menu and local asset systems plus digital content volume,$75K to $200K,CMO; VP Brand Marketing; Head of Creative,Path to profitability programme; marketing leadership change; unit growth; menu platform launches,Marketing team size and budget. Menu photography cadence and cost. Cost programme targets,"Sam's Club, Quay",12,9,3,4,6,4,1,0,4,2,5,5,2,5,62,Tier 3 Volume,3,Budget is genuinely constrained. Cap the first scope
90,Vera Bradley,Fashion and accessories,"S3, S7",$250M to $500M,"IN, US",Public,Vera Bradley and Pura Vida. Print based design system with very high pattern and colourway variation,"Print and pattern based design means every new pattern must be visualized across the entire product line, which is a pure combinatorial imagery problem. Two brands with different audiences. Turnaround context creates a cost mandate at a scale where budget is tight",Pattern and colourway variant imagery at scale,$75K to $175K,VP E-commerce; Head of Creative; VP Marketing,Turnaround or cost programme; marketing leadership change; brand repositioning,Pattern count per season times SKU count. Creative team size. Cost programme targets. Budget reality at this revenue scale,"Marc Jacobs, Quay, PacSun",12,8,3,2,6,2,3,2,4,5,3,5,2,5,62,Tier 3 Volume,3,Pattern times SKU math is compelling. Budget may be constrained
91,Ro,Consumer health and wellness,"S3, S10",$250M to $500M,"NY, US",VC backed,Telehealth and DTC pharmacy across multiple condition categories. Performance marketing led. Late stage VC backed,"Same structural profile as Hims at smaller scale. Performance creative volume is the growth constraint. Regulated health claims require governance. VC backing means budget and a growth mandate, plus pressure to demonstrate efficiency",Performance creative at volume plus regulated claim governance,$75K to $175K,VP Growth; Head of Brand; Head of Creative,Category expansion; marketing leadership change; efficiency programme; funding activity,Active Meta creative count. Creative team size. Revenue requires estimation. Category count,"Quay, SimpliSafe",12,8,3,5,8,4,1,0,0,3,5,5,2,5,61,Tier 3 Volume,3,
92,Glossier,Beauty and personal care,"S3, S10",$250M to $500M,"NY, US",VC backed,DTC beauty transitioning to wholesale through Sephora. Brand built on distinctive visual identity and community content,"Wholesale expansion into Sephora creates a new asset requirement layer the DTC operating model was not built for. Brand identity is highly specific, which makes a governance layer valuable. VC backing means growth mandate and budget, plus pressure to demonstrate efficiency",Retailer asset packages plus social content volume,$75K to $150K,VP Brand Marketing; Head of Creative; Head of Content,Wholesale expansion; marketing leadership change; efficiency or path to profitability programme,Wholesale channel asset requirements. Creative team size. Revenue requires estimation. Aesthetic specificity will be an objection,"Sephora and LVMH, Quay, Marc Jacobs",12,8,3,4,6,4,1,2,0,3,5,5,2,5,60,Tier 3 Volume,3,Brand aesthetic specificity is the main objection. Lead with the reel
93,Duluth Trading Company,Fashion and apparel,S3,$500M to $1B,"WI, US",Public,Owned brand apparel with size and fit variation. 60+ stores plus catalogue plus e-commerce. Distinctive brand voice,"Catalogue plus e-commerce plus retail requires three asset systems from one small creative team. Extended size and fit range multiplies imagery. Brand is built on a distinctive illustrated and narrative style, which is a governance opportunity rather than an obstacle",PDP and size variant imagery plus catalogue asset systems,$75K to $175K,VP E-commerce; Head of Creative; VP Marketing,Turnaround or cost programme; marketing leadership change; catalogue strategy change,Catalogue production volume and cost. SKU and size variant count. Creative team size,"PacSun, Williams Sonoma",12,9,3,4,6,2,1,0,2,5,3,5,2,5,59,Tier 3 Volume,3,
94,Nutrafol,Consumer health and wellness,S3,$250M to $500M,"NY, US",Subsidiary,"Hair wellness supplements within Unilever. Practitioner, DTC and retail channels. Claim heavy category",Multi channel structure requiring different asset packages. Within Unilever but likely retains operational autonomy. Clinical claim substantiation makes governance valuable. Practitioner education content is a distinct and underserved need,Channel asset systems plus practitioner education content,$75K to $175K,VP Marketing; Head of Brand; Head of Creative,Unilever integration; marketing leadership change; international expansion; channel expansion,Entity autonomy within Unilever. Channel asset requirements. Revenue requires estimation,"SimpliSafe, Sephora and LVMH",12,8,3,5,6,4,1,2,0,3,5,5,2,3,59,Tier 3 Volume,3,Confirm autonomy within Unilever before investing time
95,Vital Farms,CPG multi brand,S3,$500M to $1B,"TX, US",Public,Eggs and butter with a strong brand and mission narrative. Rapid growth. Small marketing organization,"Small SKU count but very high content need relative to team size, driven by a brand built on storytelling and farm level provenance content. Growth rate against a lean team is the constraint",Social and brand content volume plus retailer assets,$75K to $175K,VP Brand Marketing; Head of Content; Head of Creative,Marketing leadership change; capacity hiring; retail distribution expansion,Marketing headcount versus revenue. Meta creative count. Whether content is produced in house,"Quay, Goodwill",12,9,3,4,6,4,3,0,0,3,3,5,2,5,59,Tier 3 Volume,3,Small but fast. Cap first scope
96,iRhythm Technologies,Consumer health and device,S3,$500M to $1B,"CA, US",Public,Ambulatory cardiac monitoring. Growing consumer and HCP marketing. International expansion underway,Growth stage medical device with expanding consumer marketing and a dual patient plus HCP audience. Patient education content is a core need. International expansion adds localization. Small marketing team relative to growth means acute capacity constraint,Patient education content plus HCP asset systems,$100K to $250K,VP Marketing; Head of Creative; VP Commercial Marketing,International expansion; marketing leadership change; capacity hiring; product launches,Market count. Marketing team size. Whether patient and HCP creative are separate. Promotional review process,"SimpliSafe, CyberArk",12,9,3,4,6,4,1,2,0,3,3,5,2,5,59,Tier 3 Volume,2,
97,Mielle Organics,Beauty and personal care,S3,$250M to $500M,"GA, US",Subsidiary,Textured hair care brand within P&G Beauty. High SKU count. Strong community and creator content requirement,"High SKU count across hair type and concern segmentation. Creator and community content volume is the primary channel. Within P&G but likely retains operational autonomy, which means a local buying centre with corporate governance standards",Creator content adaptation plus PDP and SKU content,$75K to $175K,VP Brand Marketing; Head of Content; Head of Creative,P&G integration; marketing leadership change; distribution expansion,Entity autonomy within P&G. SKU count. Creator content volume. Revenue requires estimation,"Sephora and LVMH, Quay, Goodwill",12,8,3,4,6,4,1,0,0,5,5,5,2,3,58,Tier 3 Volume,3,Confirm autonomy within P&G before investing time
98,Portillo's,QSR and fast casual,S3,$500M to $1B,"IL, US",Public,85+ locations with expansion into new states. Company operated. Strong regional brand with national ambitions,New state market entry requires local asset development that a regional marketing team has not had to produce before. Company operated means fast decisions. Menu and LTO cadence plus a distinctive brand voice that needs governance as the footprint expands,Local market asset systems plus menu content,$75K to $175K,CMO; VP Marketing; Head of Creative,New state market entry; unit growth programme; marketing leadership change,New market entry cadence. Marketing team size. Whether local assets are produced centrally,Sam's Club,12,9,3,4,6,4,1,0,2,2,3,5,2,5,58,Tier 3 Volume,3,Small footprint but expanding fast. Cap first scope
99,Thorne HealthTech,Consumer health and wellness,"S3, S9",$250M to $500M,"NY, US",PE backed,"Supplements and testing across practitioner, consumer and enterprise channels. Very high SKU count. Claim heavy category",Three channel structure with different asset requirements from a large SKU count. PE ownership creates a cost and growth mandate. Supplement claim substantiation makes governance a paid feature. Practitioner education content is a distinct volume need,PDP and SKU content plus channel asset systems,$75K to $175K,VP Marketing; Head of Creative; VP E-commerce,PE cost or growth programme; marketing leadership change; channel expansion,PE sponsor and hold period. SKU count. Channel asset requirements. Revenue requires estimation,"SimpliSafe, Quay",12,8,3,4,6,2,1,2,0,5,3,5,2,5,58,Tier 3 Volume,3,
100,Faherty Brand,Fashion and apparel,"S3, S10",$250M to $500M,"NY, US",Private,Growing lifestyle apparel brand. 70+ stores. Print and pattern heavy assortment. Family founded,"Print based assortment plus store expansion plus lean creative team. Founder led means a fast decision if the founder engages, and an unproductive middle if they do not. Brand storytelling volume requirement is high relative to team size",Print and colourway variant imagery plus social content volume,$75K to $150K,Head of Creative; VP Brand Marketing; Head of E-commerce,Store expansion; marketing leadership hires; wholesale expansion,Store count. Print and SKU count. Creative team size. Private company financials require estimation. Reach the founder or exit,"PacSun, Quay",12,8,3,2,6,2,1,0,2,3,3,5,2,5,54,Nurture,3,Founder led. Reach the founder directly or deprioritize
,,,,,,,,,,,,,,,,,,,,,,,,,,,,,,,,
LEGEND,,,,,,,,,,,,,,,,,,,,,,,,,,,,,,,,
Yellow score cells,AI maturity /8 and Tech signature /5 are unverified defaults on every row. Enrich then overwrite. FIT scores are floors.,,,,,,,,,,,,,,,,,,,,,,,,,,,,,,,
FIT SCORE,Live formula: SUM of the 14 score columns. Max 100. Maps 1:1 to Section 16.1 of the ICP Playbook.,,,,,,,,,,,,,,,,,,,,,,,,,,,,,,,
TIER,Live formula. 78+ Tier 1 Named. 68 to 77 Tier 2 Priority. 58 to 67 Tier 3 Volume. 45 to 57 Nurture. Under 45 Disqualify.,,,,,,,,,,,,,,,,,,,,,,,,,,,,,,,
Wave,1 = first 30 days. 2 = days 31 to 60. 3 = days 61 to 90.,,,,,,,,,,,,,,,,,,,,,,,,,,,,,,,
Est. First Deal,Planning estimate only. Any client facing number must come from the Silverside Credit System via the pricing skill.,,,,,,,,,,,,,,,,,,,,,,,,,,,,,,,
Conflict Check,Rows flagged CONFLICT CHECK sit in a category where Silverside has a live client or active pursuit. Clear with Sam before outreach.,,,,,,,,,,,,,,,,,,,,,,,,,,,,,,,
Financial Services,Deliberately zero financial services accounts on this list. The audit found FS at 36 percent of targeting. Consumer fintech re enters only under the Financial Services Rule in Section 3.2.,,,,,,,,,,,,,,,,,,,,,,,,,,,,,,,